{
  "schemaVersion": 1,
  "id": "flynt",
  "version": "1.0.3",
  "name": "Flynt",
  "description": "Just a small mod that adds more uses for Flint",
  "authors": [
    "Coobik, MCreator"
  ],
  "contact": {
    "homepage": "https://mcreator.net",
    "sources": ""
  },
  "license": "GNU General Public License version 3 (GPLv3)",
  "icon": "assets/flynt/icon.png",
  "environment": "*",
  "entrypoints": {
    "main": [
      "net.mcreator.flynt.FlyntMod"
    ],
    "client": [
      "net.mcreator.flynt.ClientInit"
    ]
  },
  "depends": {
    "fabricloader": ">=0.14.21",
    "fabric": "*",
    "minecraft": "~1.20",
    "java": ">=17"
  },
  "mixins": [
    "flynt.mixins.json"
  ]
}