{
  "type": "minecraft:crafting_shaped",
  "category": "misc",
  "pattern": [
    "0  ",
    "34 ",
    "678"
  ],
  "key": {
    "0": {
      "item": "flynt:flint_bricks"
    },
    "3": {
      "item": "flynt:flint_bricks"
    },
    "4": {
      "item": "flynt:flint_bricks"
    },
    "6": {
      "item": "flynt:flint_bricks"
    },
    "7": {
      "item": "flynt:flint_bricks"
    },
    "8": {
      "item": "flynt:flint_bricks"
    }
  },
  "result": {
    "item": "flynt:flintbrickstairs",
    "count": 4
  }
}