{
  "type": "minecraft:crafting_shaped",
  "category": "misc",
  "pattern": [
    "012",
    "345"
  ],
  "key": {
    "0": {
      "item": "flynt:block_of_flint"
    },
    "1": {
      "item": "flynt:block_of_flint"
    },
    "2": {
      "item": "flynt:block_of_flint"
    },
    "3": {
      "item": "flynt:block_of_flint"
    },
    "4": {
      "item": "flynt:block_of_flint"
    },
    "5": {
      "item": "flynt:block_of_flint"
    }
  },
  "result": {
    "item": "flynt:flinttrapdoor",
    "count": 1
  }
}