{
  "parent": "block/cube",
  "textures": {
    "down": "flynt:block/flint-blwdawde4haetgrhewwrwwetock",
    "up": "flynt:block/flint-blwdawde4haetgrhewwrwwetock",
    "north": "flynt:block/flint-blwdawde4haetgrhewwrwwetock",
    "east": "flynt:block/flint-blwdawde4haetgrhewwrwwetock",
    "south": "flynt:block/flint-blwdawde4haetgrhewwrwwetock",
    "west": "flynt:block/flint-blwdawde4haetgrhewwrwwetock",
    "particle": "flynt:block/flint-blwdawde4haetgrhewwrwwetock"
  },
  "render_type": "solid"
}